Distance,Tee,Fairway,Rough,Sand,Recovery,,TeeExt,FairwayExt,RoughExt,SandExt,RecoveryExt
1,,,,,,,,2.38450659,2.55537403,2.4896849,4.0065438
2,,,,,,,,2.38900636,2.56073612,2.4993196,4.0031152
3,,,,,,,,2.39349931,2.56608627,2.5089041,3.9997142
4,,,,,,,,2.39798544,2.57142448,2.5184384,3.9963408
5,,,,,,,,2.40246475,2.57675075,2.5279225,3.992995
6,,,,,,,,2.40693724,2.58206508,2.5373564,3.9896768
7,,,,,,,,2.41140291,2.58736747,2.5467401,3.9863862
8,,,,,,,,2.41586176,2.59265792,2.5560736,3.9831232
9,,,,,,,,2.42031379,2.59793643,2.5653569,3.9798878
10,,,,,,,,2.424759,2.603203,2.57459,3.97668
11,,,,,,,,2.42919739,2.60845763,2.5837729,3.9734998
12,,,,,,,,2.43362896,2.61370032,2.5929056,3.9703472
13,,,,,,,,2.43805371,2.61893107,2.6019881,3.9672222
14,,,,,,,,2.44247164,2.62414988,2.6110204,3.9641248
15,,,,,,,,2.44688275,2.62935675,2.6200025,3.961055
16,,,,,,,,2.45128704,2.63455168,2.6289344,3.9580128
17,,,,,,,,2.45568451,2.63973467,2.6378161,3.9549982
18,,,,,,,,2.46007516,2.64490572,2.6466476,3.9520112
19,,,,,,,,2.46445899,2.65006483,2.6554289,3.9490518
20,,2.4,2.59,2.53,,,,2.468836,2.655212,2.66416,3.94612
21,,,,,,,,2.47320619,2.66034723,2.6728409,3.9432158
22,,,,,,,,2.47756956,2.66547052,2.6814716,3.9403392
23,,,,,,,,2.48192611,2.67058187,2.6900521,3.9374902
24,,,,,,,,2.48627584,2.67568128,2.6985824,3.9346688
25,,,,,,,,2.49061875,2.68076875,2.7070625,3.931875
26,,,,,,,,2.49495484,2.68584428,2.7154924,3.9291088
27,,,,,,,,2.49928411,2.69090787,2.7238721,3.9263702
28,,,,,,,,2.50360656,2.69595952,2.7322016,3.9236592
29,,,,,,,,2.50792219,2.70099923,2.7404809,3.9209758
30,,,,,,,,2.512231,2.706027,2.74871,3.91832
31,,,,,,,,2.51653299,2.71104283,2.7568889,3.9156918
32,,,,,,,,2.52082816,2.71604672,2.7650176,3.9130912
33,,,,,,,,2.52511651,2.72103867,2.7730961,3.9105182
34,,,,,,,,2.52939804,2.72601868,2.7811244,3.9079728
35,,,,,,,,2.53367275,2.73098675,2.7891025,3.905455
36,,,,,,,,2.53794064,2.73594288,2.7970304,3.9029648
37,,,,,,,,2.54220171,2.74088707,2.8049081,3.9005022
38,,,,,,,,2.54645596,2.74581932,2.8127356,3.8980672
39,,,,,,,,2.55070339,2.75073963,2.8205129,3.8956598
40,,2.6,2.78,2.82,,,,2.554944,2.755648,2.82824,3.89328
41,,,,,,,,2.55917779,2.76054443,2.8359169,3.8909278
42,,,,,,,,2.56340476,2.76542892,2.8435436,3.8886032
43,,,,,,,,2.56762491,2.77030147,2.8511201,3.8863062
44,,,,,,,,2.57183824,2.77516208,2.8586464,3.8840368
45,,,,,,,,2.57604475,2.78001075,2.8661225,3.881795
46,,,,,,,,2.58024444,2.78484748,2.8735484,3.8795808
47,,,,,,,,2.58443731,2.78967227,2.8809241,3.8773942
48,,,,,,,,2.58862336,2.79448512,2.8882496,3.8752352
49,,,,,,,,2.59280259,2.79928603,2.8955249,3.8731038
50,,,,,,,,2.596975,2.804075,2.90275,3.871
51,,,,,,,,2.60114059,2.80885203,2.9099249,3.8689238
52,,,,,,,,2.60529936,2.81361712,2.9170496,3.8668752
53,,,,,,,,2.60945131,2.81837027,2.9241241,3.8648542
54,,,,,,,,2.61359644,2.82311148,2.9311484,3.8628608
55,,,,,,,,2.61773475,2.82784075,2.9381225,3.860895
56,,,,,,,,2.62186624,2.83255808,2.9450464,3.8589568
57,,,,,,,,2.62599091,2.83726347,2.9519201,3.8570462
58,,,,,,,,2.63010876,2.84195692,2.9587436,3.8551632
59,,,,,,,,2.63421979,2.84663843,2.9655169,3.8533078
60,,2.7,2.91,3.15,,,,2.638324,2.851308,2.97224,3.85148
61,,,,,,,,2.64242139,2.85596563,2.9789129,3.8496798
62,,,,,,,,2.64651196,2.86061132,2.9855356,3.8479072
63,,,,,,,,2.65059571,2.86524507,2.9921081,3.8461622
64,,,,,,,,2.65467264,2.86986688,2.9986304,3.8444448
65,,,,,,,,2.65874275,2.87447675,3.0051025,3.842755
66,,,,,,,,2.66280604,2.87907468,3.0115244,3.8410928
67,,,,,,,,2.66686251,2.88366067,3.0178961,3.8394582
68,,,,,,,,2.67091216,2.88823472,3.0242176,3.8378512
69,,,,,,,,2.67495499,2.89279683,3.0304889,3.8362718
70,,,,,,,,2.678991,2.897347,3.03671,3.83472
71,,,,,,,,2.68302019,2.90188523,3.0428809,3.8331958
72,,,,,,,,2.68704256,2.90641152,3.0490016,3.8316992
73,,,,,,,,2.69105811,2.91092587,3.0550721,3.8302302
74,,,,,,,,2.69506684,2.91542828,3.0610924,3.8287888
75,,,,,,,,2.69906875,2.91991875,3.0670625,3.827375
76,,,,,,,,2.70306384,2.92439728,3.0729824,3.8259888
77,,,,,,,,2.70705211,2.92886387,3.0788521,3.8246302
78,,,,,,,,2.71103356,2.93331852,3.0846716,3.8232992
79,,,,,,,,2.71500819,2.93776123,3.0904409,3.8219958
80,,2.75,2.96,3.24,,,,2.718976,2.942192,3.09616,3.82072
81,,,,,,,,2.72293699,2.94661083,3.1018289,3.8194718
82,,,,,,,,2.72689116,2.95101772,3.1074476,3.8182512
83,,,,,,,,2.73083851,2.95541267,3.1130161,3.8170582
84,,,,,,,,2.73477904,2.95979568,3.1185344,3.8158928
85,,,,,,,,2.73871275,2.96416675,3.1240025,3.814755
86,,,,,,,,2.74263964,2.96852588,3.1294204,3.8136448
87,,,,,,,,2.74655971,2.97287307,3.1347881,3.8125622
88,,,,,,,,2.75047296,2.97720832,3.1401056,3.8115072
89,,,,,,,,2.75437939,2.98153163,3.1453729,3.8104798
90,,,,,,,,2.758279,2.985843,3.15059,3.80948
91,,,,,,,,2.76217179,2.99014243,3.1557569,3.8085078
92,,,,,,,,2.76605776,2.99442992,3.1608736,3.8075632
93,,,,,,,,2.76993691,2.99870547,3.1659401,3.8066462
94,,,,,,,,2.77380924,3.00296908,3.1709564,3.8057568
95,,,,,,,,2.77767475,3.00722075,3.1759225,3.804895
96,,,,,,,,2.78153344,3.01146048,3.1808384,3.8040608
97,,,,,,,,2.78538531,3.01568827,3.1857041,3.8032542
98,,,,,,,,2.78923036,3.01990412,3.1905196,3.8024752
99,,,,,,,,2.79306859,3.02410803,3.1952849,3.8017238
100,2.92,2.8,3.02,3.23,3.8,,,2.7969,3.0283,3.2,3.801
101,,,,,,,2.838526881,2.80072459,3.03248003,3.2046649,3.8003038
102,,,,,,,2.842245124,2.80454236,3.03664812,3.2092796,3.7996352
103,,,,,,,2.845964729,2.80835331,3.04080427,3.2138441,3.7989942
104,,,,,,,2.849685696,2.81215744,3.04494848,3.2183584,3.7983808
105,,,,,,,2.853408025,2.81595475,3.04908075,3.2228225,3.797795
106,,,,,,,2.857131716,2.81974524,3.05320108,3.2272364,3.7972368
107,,,,,,,2.860856769,2.82352891,3.05730947,3.2316001,3.7967062
108,,,,,,,2.864583184,2.82730576,3.06140592,3.2359136,3.7962032
109,,,,,,,2.868310961,2.83107579,3.06549043,3.2401769,3.7957278
110,,,,,,,2.8720401,2.834839,3.069563,3.24439,3.79528
111,,,,,,,2.875770601,2.83859539,3.07362363,3.2485529,3.7948598
112,,,,,,,2.879502464,2.84234496,3.07767232,3.2526656,3.7944672
113,,,,,,,2.883235689,2.84608771,3.08170907,3.2567281,3.7941022
114,,,,,,,2.886970276,2.84982364,3.08573388,3.2607404,3.7937648
115,,,,,,,2.890706225,2.85355275,3.08974675,3.2647025,3.793455
116,,,,,,,2.894443536,2.85727504,3.09374768,3.2686144,3.7931728
117,,,,,,,2.898182209,2.86099051,3.09773667,3.2724761,3.7929182
118,,,,,,,2.901922244,2.86469916,3.10171372,3.2762876,3.7926912
119,,,,,,,2.905663641,2.86840099,3.10567883,3.2800489,3.7924918
120,2.99,2.85,3.08,3.21,3.78,,2.9094064,2.872096,3.109632,3.28376,3.79232
121,,,,,,,2.913150521,2.87578419,3.11357323,3.2874209,3.7921758
122,,,,,,,2.916896004,2.87946556,3.11750252,3.2910316,3.7920592
123,,,,,,,2.920642849,2.88314011,3.12141987,3.2945921,3.7919702
124,,,,,,,2.924391056,2.88680784,3.12532528,3.2981024,3.7919088
125,,,,,,,2.928140625,2.89046875,3.12921875,3.3015625,3.791875
126,,,,,,,2.931891556,2.89412284,3.13310028,3.3049724,3.7918688
127,,,,,,,2.935643849,2.89777011,3.13696987,3.3083321,3.7918902
128,,,,,,,2.939397504,2.90141056,3.14082752,3.3116416,3.7919392
129,,,,,,,2.943152521,2.90504419,3.14467323,3.3149009,3.7920158
130,,,,,,,2.9469089,2.908671,3.148507,3.31811,3.79212
131,,,,,,,2.950666641,2.91229099,3.15232883,3.3212689,3.7922518
132,,,,,,,2.954425744,2.91590416,3.15613872,3.3243776,3.7924112
133,,,,,,,2.958186209,2.91951051,3.15993667,3.3274361,3.7925982
134,,,,,,,2.961948036,2.92311004,3.16372268,3.3304444,3.7928128
135,,,,,,,2.965711225,2.92670275,3.16749675,3.3334025,3.793055
136,,,,,,,2.969475776,2.93028864,3.17125888,3.3363104,3.7933248
137,,,,,,,2.973241689,2.93386771,3.17500907,3.3391681,3.7936222
138,,,,,,,2.977008964,2.93743996,3.17874732,3.3419756,3.7939472
139,,,,,,,2.980777601,2.94100539,3.18247363,3.3447329,3.7942998
140,2.97,2.91,3.15,3.22,3.8,,2.9845476,2.944564,3.186188,3.34744,3.79468
141,,,,,,,2.988318961,2.94811579,3.18989043,3.3500969,3.7950878
142,,,,,,,2.992091684,2.95166076,3.19358092,3.3527036,3.7955232
143,,,,,,,2.995865769,2.95519891,3.19725947,3.3552601,3.7959862
144,,,,,,,2.999641216,2.95873024,3.20092608,3.3577664,3.7964768
145,,,,,,,3.003418025,2.96225475,3.20458075,3.3602225,3.796995
146,,,,,,,3.007196196,2.96577244,3.20822348,3.3626284,3.7975408
147,,,,,,,3.010975729,2.96928331,3.21185427,3.3649841,3.7981142
148,,,,,,,3.014756624,2.97278736,3.21547312,3.3672896,3.7987152
149,,,,,,,3.018538881,2.97628459,3.21908003,3.3695449,3.7993438
150,,,,,,,3.0223225,2.979775,3.222675,3.37175,3.8
151,,,,,,,3.026107481,2.98325859,3.22625803,3.3739049,3.8006838
152,,,,,,,3.029893824,2.98673536,3.22982912,3.3760096,3.8013952
153,,,,,,,3.033681529,2.99020531,3.23338827,3.3780641,3.8021342
154,,,,,,,3.037470596,2.99366844,3.23693548,3.3800684,3.8029008
155,,,,,,,3.041261025,2.99712475,3.24047075,3.3820225,3.803695
156,,,,,,,3.045052816,3.00057424,3.24399408,3.3839264,3.8045168
157,,,,,,,3.048845969,3.00401691,3.24750547,3.3857801,3.8053662
158,,,,,,,3.052640484,3.00745276,3.25100492,3.3875836,3.8062432
159,,,,,,,3.056436361,3.01088179,3.25449243,3.3893369,3.8071478
160,2.99,2.98,3.23,3.28,3.81,,3.0602336,3.014304,3.257968,3.39104,3.80808
161,,,,,,,3.064032201,3.01771939,3.26143163,3.3926929,3.8090398
162,,,,,,,3.067832164,3.02112796,3.26488332,3.3942956,3.8100272
163,,,,,,,3.071633489,3.02452971,3.26832307,3.3958481,3.8110422
164,,,,,,,3.075436176,3.02792464,3.27175088,3.3973504,3.8120848
165,,,,,,,3.079240225,3.03131275,3.27516675,3.3988025,3.813155
166,,,,,,,3.083045636,3.03469404,3.27857068,3.4002044,3.8142528
167,,,,,,,3.086852409,3.03806851,3.28196267,3.4015561,3.8153782
168,,,,,,,3.090660544,3.04143616,3.28534272,3.4028576,3.8165312
169,,,,,,,3.094470041,3.04479699,3.28871083,3.4041089,3.8177118
170,,,,,,,3.0982809,3.048151,3.292067,3.40531,3.81892
171,,,,,,,3.102093121,3.05149819,3.29541123,3.4064609,3.8201558
172,,,,,,,3.105906704,3.05483856,3.29874352,3.4075616,3.8214192
173,,,,,,,3.109721649,3.05817211,3.30206387,3.4086121,3.8227102
174,,,,,,,3.113537956,3.06149884,3.30537228,3.4096124,3.8240288
175,,,,,,,3.117355625,3.06481875,3.30866875,3.4105625,3.825375
176,,,,,,,3.121174656,3.06813184,3.31195328,3.4114624,3.8267488
177,,,,,,,3.124995049,3.07143811,3.31522587,3.4123121,3.8281502
178,,,,,,,3.128816804,3.07473756,3.31848652,3.4131116,3.8295792
179,,,,,,,3.132639921,3.07803019,3.32173523,3.4138609,3.8310358
180,3.05,3.08,3.31,3.4,3.82,,3.1364644,3.081316,3.324972,3.41456,3.83252
181,,,,,,,3.140290241,3.08459499,3.32819683,3.4152089,3.8340318
182,,,,,,,3.144117444,3.08786716,3.33140972,3.4158076,3.8355712
183,,,,,,,3.147946009,3.09113251,3.33461067,3.4163561,3.8371382
184,,,,,,,3.151775936,3.09439104,3.33779968,3.4168544,3.8387328
185,,,,,,,3.155607225,3.09764275,3.34097675,3.4173025,3.840355
186,,,,,,,3.159439876,3.10088764,3.34414188,3.4177004,3.8420048
187,,,,,,,3.163273889,3.10412571,3.34729507,3.4180481,3.8436822
188,,,,,,,3.167109264,3.10735696,3.35043632,3.4183456,3.8453872
189,,,,,,,3.170946001,3.11058139,3.35356563,3.4185929,3.8471198
190,,,,,,,3.1747841,3.113799,3.356683,3.41879,3.84888
191,,,,,,,3.178623561,3.11700979,3.35978843,3.4189369,3.8506678
192,,,,,,,3.182464384,3.12021376,3.36288192,3.4190336,3.8524832
193,,,,,,,3.186306569,3.12341091,3.36596347,3.4190801,3.8543262
194,,,,,,,3.190150116,3.12660124,3.36903308,3.4190764,3.8561968
195,,,,,,,3.193995025,3.12978475,3.37209075,3.4190225,3.858095
196,,,,,,,3.197841296,3.13296144,3.37513648,3.4189184,3.8600208
197,,,,,,,3.201688929,3.13613131,3.37817027,3.4187641,3.8619742
198,,,,,,,3.205537924,3.13929436,3.38119212,3.4185596,3.8639552
199,,,,,,,3.209388281,3.14245059,3.38420203,3.4183049,3.8659638
200,3.12,3.19,3.42,3.55,3.87,,3.21324,3.1456,3.3872,3.418,3.868
201,,,,,,,3.217093081,3.233973081,3.285209824,3.609456415,3.93045004
202,,,,,,,3.220947524,3.238707524,3.439460096,3.61431366,3.93330816
203,,,,,,,3.224803329,3.243443329,3.443710816,3.619171735,3.93617436
204,,,,,,,3.228660496,3.248180496,3.447961984,3.62403064,3.93904864
205,,,,,,,3.232519025,3.252919025,3.4522136,3.628890375,3.941931
206,,,,,,,3.236378916,3.257658916,3.456465664,3.63375094,3.94482144
207,,,,,,,3.240240169,3.262400169,3.460718176,3.638612335,3.94771996
208,,,,,,,3.244102784,3.267142784,3.464971136,3.64347456,3.95062656
209,,,,,,,3.247966761,3.271886761,3.469224544,3.648337615,3.95354124
210,,,,,,,3.2518321,3.2766321,3.4734784,3.6532015,3.956464
211,,,,,,,3.255698801,3.281378801,3.477732704,3.658066215,3.95939484
212,,,,,,,3.259566864,3.286126864,3.481987456,3.66293176,3.96233376
213,,,,,,,3.263436289,3.290876289,3.486242656,3.667798135,3.96528076
214,,,,,,,3.267307076,3.295627076,3.490498304,3.67266534,3.96823584
215,,,,,,,3.271179225,3.300379225,3.4947544,3.677533375,3.971199
216,,,,,,,3.275052736,3.305132736,3.499010944,3.68240224,3.97417024
217,,,,,,,3.278927609,3.309887609,3.503267936,3.687271935,3.97714956
218,,,,,,,3.282803844,3.314643844,3.507525376,3.69214246,3.98013696
219,,,,,,,3.286681441,3.319401441,3.511783264,3.697013815,3.98313244
220,3.17,3.32,3.53,3.7,3.92,,3.2905604,3.3241604,3.5160416,3.701886,3.986136
221,,,,,,,3.294440721,3.328920721,3.520300384,3.706759015,3.98914764
222,,,,,,,3.298322404,3.333682404,3.524559616,3.71163286,3.99216736
223,,,,,,,3.302205449,3.338445449,3.528819296,3.716507535,3.99519516
224,,,,,,,3.306089856,3.343209856,3.533079424,3.72138304,3.99823104
225,,,,,,,3.309975625,3.347975625,3.53734,3.726259375,4.001275
226,,,,,,,3.313862756,3.402742756,3.541601024,3.73113654,4.00432704
227,,,,,,,3.317751249,3.407511249,3.545862496,3.736014535,4.00738716
228,,,,,,,3.321641104,3.412281104,3.550124416,3.74089336,4.01045536
229,,,,,,,3.325532321,3.417052321,3.554386784,3.745773015,4.01353164
230,,,,,,,3.3294249,3.4218249,3.5586496,3.7506535,4.016616
231,,,,,,,3.333318841,3.426598841,3.562912864,3.755534815,4.01970844
232,,,,,,,3.337214144,3.431374144,3.567176576,3.76041696,4.02280896
233,,,,,,,3.341110809,3.436150809,3.571440736,3.765299935,4.02591756
234,,,,,,,3.345008836,3.440928836,3.575705344,3.77018374,4.02903424
235,,,,,,,3.348908225,3.445708225,3.5799704,3.775068375,4.032159
236,,,,,,,3.352808976,3.450488976,3.584235904,3.77995384,4.03529184
237,,,,,,,3.356711089,3.455271089,3.588501856,3.784840135,4.03843276
238,,,,,,,3.360614564,3.460054564,3.592768256,3.78972726,4.04158176
239,,,,,,,3.364519401,3.464839401,3.597035104,3.794615215,4.04473884
240,3.25,3.45,3.64,3.84,3.97,,3.3684256,3.4696256,3.6013024,3.799504,4.047904
241,,,,,,,3.372333161,3.474413161,3.605570144,3.804393615,4.05107724
242,,,,,,,3.376242084,3.479202084,3.609838336,3.80928406,4.05425856
243,,,,,,,3.380152369,3.483992369,3.614106976,3.814175335,4.05744796
244,,,,,,,3.384064016,3.488784016,3.618376064,3.81906744,4.06064544
245,,,,,,,3.387977025,3.493577025,3.6226456,3.823960375,4.063851
246,,,,,,,3.391891396,3.498371396,3.626915584,3.82885414,4.06706464
247,,,,,,,3.395807129,3.503167129,3.631186016,3.833748735,4.07028636
248,,,,,,,3.399724224,3.507964224,3.635456896,3.83864416,4.07351616
249,,,,,,,3.403642681,3.512762681,3.639728224,3.843540415,4.07675404
250,,,,,,,3.4075625,3.5175625,3.644,3.8484375,4.08
251,,,,,,,3.411483681,3.522363681,3.648272224,3.853335415,4.08325404
252,,,,,,,3.415406224,3.527166224,3.652544896,3.85823416,4.08651616
253,,,,,,,3.419330129,3.531970129,3.656818016,3.863133735,4.08978636
254,,,,,,,3.423255396,3.536775396,3.661091584,3.86803414,4.09306464
255,,,,,,,3.427182025,3.541582025,3.6653656,3.872935375,4.096351
256,,,,,,,3.431110016,3.546390016,3.669640064,3.87783744,4.09964544
257,,,,,,,3.435039369,3.551199369,3.673914976,3.882740335,4.10294796
258,,,,,,,3.438970084,3.556010084,3.678190336,3.88764406,4.10625856
259,,,,,,,3.442902161,3.560822161,3.682466144,3.892548615,4.10957724
260,3.45,3.58,3.74,3.93,4.03,,3.4468356,3.5656356,3.6867424,3.897454,4.112904
261,,,,,,,3.450770401,3.570450401,3.691019104,3.902360215,4.11623884
262,,,,,,,3.454706564,3.575266564,3.695296256,3.90726726,4.11958176
263,,,,,,,3.458644089,3.580084089,3.699573856,3.912175135,4.12293276
264,,,,,,,3.462582976,3.584902976,3.703851904,3.91708384,4.12629184
265,,,,,,,3.466523225,3.589723225,3.7081304,3.921993375,4.129659
266,,,,,,,3.470464836,3.594544836,3.712409344,3.92690374,4.13303424
267,,,,,,,3.474407809,3.599367809,3.716688736,3.931814935,4.13641756
268,,,,,,,3.478352144,3.604192144,3.720968576,3.93672696,4.13980896
269,,,,,,,3.482297841,3.609017841,3.725248864,3.941639815,4.14320844
270,,,,,,,3.4862449,3.6138449,3.7295296,3.9465535,4.146616
271,,,,,,,3.490193321,3.618673321,3.733810784,3.951468015,4.15003164
272,,,,,,,3.494143104,3.623503104,3.738092416,3.95638336,4.15345536
273,,,,,,,3.498094249,3.628334249,3.742374496,3.961299535,4.15688716
274,,,,,,,3.502046756,3.633166756,3.746657024,3.96621654,4.16032704
275,,,,,,,3.506000625,3.638000625,3.75094,3.971134375,4.163775
276,,,,,,,3.509955856,3.642835856,3.755223424,3.97605304,4.16723104
277,,,,,,,3.513912449,3.647672449,3.759507296,3.980972535,4.17069516
278,,,,,,,3.517870404,3.652510404,3.763791616,3.98589286,4.17416736
279,,,,,,,3.521829721,3.657349721,3.768076384,3.990814015,4.17764764
280,3.65,3.69,3.83,4,4.1,,3.5257904,3.6621904,3.7723616,3.995736,4.181136
281,,,,,,,3.529752441,3.667032441,3.776647264,4.000658815,4.18463244
282,,,,,,,3.533715844,3.671875844,3.780933376,4.00558246,4.18813696
283,,,,,,,3.537680609,3.676720609,3.785219936,4.010506935,4.19164956
284,,,,,,,3.541646736,3.681566736,3.789506944,4.01543224,4.19517024
285,,,,,,,3.545614225,3.686414225,3.7937944,4.020358375,4.198699
286,,,,,,,3.549583076,3.691263076,3.798082304,4.02528534,4.20223584
287,,,,,,,3.553553289,3.696113289,3.802370656,4.030213135,4.20578076
288,,,,,,,3.557524864,3.700964864,3.806659456,4.03514176,4.20933376
289,,,,,,,3.561497801,3.705817801,3.810948704,4.040071215,4.21289484
290,,,,,,,3.5654721,3.7106721,3.8152384,4.0450015,4.216464
291,,,,,,,3.569447761,3.715527761,3.819528544,4.049932615,4.22004124
292,,,,,,,3.573424784,3.720384784,3.823819136,4.05486456,4.22362656
293,,,,,,,3.577403169,3.725243169,3.828110176,4.059797335,4.22721996
294,,,,,,,3.581382916,3.730102916,3.832401664,4.06473094,4.23082144
295,,,,,,,3.585364025,3.734964025,3.8366936,4.069665375,4.234431
296,,,,,,,3.589346496,3.739826496,3.840985984,4.07460064,4.23804864
297,,,,,,,3.593330329,3.744690329,3.845278816,4.079536735,4.24167436
298,,,,,,,3.597315524,3.749555524,3.849572096,4.08447366,4.24530816
299,,,,,,,3.601302081,3.754422081,3.853865824,4.089411415,4.24895004
300,3.71,3.78,3.9,4.04,4.2,,3.60529,3.75929,3.85816,4.09435,4.2526
301,,,,,,,3.609279281,3.764159281,3.862454624,4.099289415,4.25625804
302,,,,,,,3.613269924,3.769029924,3.866749696,4.10422966,4.25992416
303,,,,,,,3.617261929,3.773901929,3.871045216,4.109170735,4.26359836
304,,,,,,,3.621255296,3.778775296,3.875341184,4.11411264,4.26728064
305,,,,,,,3.625250025,3.783650025,3.8796376,4.119055375,4.270971
306,,,,,,,3.629246116,3.788526116,3.883934464,4.12399894,4.27466944
307,,,,,,,3.633243569,3.793403569,3.888231776,4.128943335,4.27837596
308,,,,,,,3.637242384,3.798282384,3.892529536,4.13388856,4.28209056
309,,,,,,,3.641242561,3.803162561,3.896827744,4.138834615,4.28581324
310,,,,,,,3.6452441,3.8080441,3.9011264,4.1437815,4.289544
311,,,,,,,3.649247001,3.812927001,3.905425504,4.148729215,4.29328284
312,,,,,,,3.653251264,3.817811264,3.909725056,4.15367776,4.29702976
313,,,,,,,3.657256889,3.822696889,3.914025056,4.158627135,4.30078476
314,,,,,,,3.661263876,3.827583876,3.918325504,4.16357734,4.30454784
315,,,,,,,3.665272225,3.832472225,3.9226264,4.168528375,4.308319
316,,,,,,,3.669281936,3.837361936,3.926927744,4.17348024,4.31209824
317,,,,,,,3.673293009,3.842253009,3.931229536,4.178432935,4.31588556
318,,,,,,,3.677305444,3.847145444,3.935531776,4.18338646,4.31968096
319,,,,,,,3.681319241,3.852039241,3.939834464,4.188340815,4.32348444
320,3.79,3.84,3.95,4.12,4.31,,3.6853344,3.8569344,3.9441376,4.193296,4.327296
321,,,,,,,3.689350921,3.861830921,3.948441184,4.198252015,4.33111564
322,,,,,,,3.693368804,3.866728804,3.952745216,4.20320886,4.33494336
323,,,,,,,3.697388049,3.871628049,3.957049696,4.208166535,4.33877916
324,,,,,,,3.701408656,3.876528656,3.961354624,4.21312504,4.34262304
325,,,,,,,3.705430625,3.881430625,3.96566,4.218084375,4.346475
326,,,,,,,3.709453956,3.886333956,3.969965824,4.22304454,4.35033504
327,,,,,,,3.713478649,3.891238649,3.974272096,4.228005535,4.35420316
328,,,,,,,3.717504704,3.896144704,3.978578816,4.23296736,4.35807936
329,,,,,,,3.721532121,3.901052121,3.982885984,4.237930015,4.36196364
330,,,,,,,3.7255609,3.9059609,3.9871936,4.2428935,4.365856
331,,,,,,,3.729591041,3.910871041,3.991501664,4.247857815,4.36975644
332,,,,,,,3.733622544,3.915782544,3.995810176,4.25282296,4.37366496
333,,,,,,,3.737655409,3.920695409,4.000119136,4.257788935,4.37758156
334,,,,,,,3.741689636,3.925609636,4.004428544,4.26275574,4.38150624
335,,,,,,,3.745725225,3.930525225,4.0087384,4.267723375,4.385439
336,,,,,,,3.749762176,3.935442176,4.013048704,4.27269184,4.38937984
337,,,,,,,3.753800489,3.940360489,4.017359456,4.277661135,4.39332876
338,,,,,,,3.757840164,3.945280164,4.021670656,4.28263126,4.39728576
339,,,,,,,3.761881201,3.950201201,4.025982304,4.287602215,4.40125084
340,3.86,3.88,4.02,4.26,4.44,,3.7659236,3.8551236,4.0302944,4.292574,4.405224
341,,,,,,,3.769967361,3.860047361,4.034606944,4.297546615,4.40920524
342,,,,,,,3.774012484,3.864972484,4.038919936,4.30252006,4.41319456
343,,,,,,,3.778058969,3.869898969,4.043233376,4.307494335,4.41719196
344,,,,,,,3.782106816,3.874826816,4.047547264,4.31246944,4.42119744
345,,,,,,,3.786156025,3.879756025,4.0518616,4.317445375,4.425211
346,,,,,,,3.790206596,3.884686596,4.056176384,4.32242214,4.42923264
347,,,,,,,3.794258529,3.889618529,4.060491616,4.327399735,4.43326236
348,,,,,,,3.798311824,3.894551824,4.064807296,4.33237816,4.43730016
349,,,,,,,3.802366481,3.899486481,4.069123424,4.337357415,4.44134604
350,,,,,,,3.8064225,3.9044225,4.07344,4.3423375,4.4454
351,,,,,,,3.810479881,3.909359881,4.077757024,4.347318415,4.44946204
352,,,,,,,3.814538624,3.914298624,4.082074496,4.35230016,4.45353216
353,,,,,,,3.818598729,3.919238729,4.086392416,4.357282735,4.45761036
354,,,,,,,3.822660196,3.924180196,4.090710784,4.36226614,4.46169664
355,,,,,,,3.826723025,3.929123025,4.0950296,4.367250375,4.465791
356,,,,,,,3.830787216,3.934067216,4.099348864,4.37223544,4.46989344
357,,,,,,,3.834852769,3.939012769,4.103668576,4.377221335,4.47400396
358,,,,,,,3.838919684,3.943959684,4.107988736,4.38220806,4.47812256
359,,,,,,,3.842987961,3.948907961,4.112309344,4.387195615,4.48224924
360,3.92,3.95,4.11,4.41,4.56,,3.8470576,3.9538576,4.1166304,4.392184,4.486384
361,,,,,,,3.851128601,3.958808601,4.120951904,4.397173215,4.49052684
362,,,,,,,3.855200964,3.963760964,4.125273856,4.40216326,4.49467776
363,,,,,,,3.859274689,3.968714689,4.129596256,4.407154135,4.49883676
364,,,,,,,3.863349776,3.973669776,4.133919104,4.41214584,4.50300384
365,,,,,,,3.867426225,3.978626225,4.1382424,4.417138375,4.507179
366,,,,,,,3.871504036,3.983584036,4.142566144,4.42213174,4.51136224
367,,,,,,,3.875583209,3.988543209,4.146890336,4.427125935,4.51555356
368,,,,,,,3.879663744,3.993503744,4.151214976,4.43212096,4.51975296
369,,,,,,,3.883745641,3.998465641,4.155540064,4.437116815,4.52396044
370,,,,,,,3.8878289,4.0034289,4.1598656,4.4421135,4.528176
371,,,,,,,3.891913521,4.008393521,4.164191584,4.447111015,4.53239964
372,,,,,,,3.895999504,4.013359504,4.168518016,4.45210936,4.53663136
373,,,,,,,3.900086849,4.018326849,4.172844896,4.457108535,4.54087116
374,,,,,,,3.904175556,4.023295556,4.177172224,4.46210854,4.54511904
375,,,,,,,3.908265625,4.028265625,4.1815,4.467109375,4.549375
376,,,,,,,3.912357056,4.033237056,4.185828224,4.47211104,4.55363904
377,,,,,,,3.916449849,4.038209849,4.190156896,4.477113535,4.55791116
378,,,,,,,3.920544004,4.043184004,4.194486016,4.48211686,4.56219136
379,,,,,,,3.924639521,4.048159521,4.198815584,4.487121015,4.56647964
380,3.96,4.03,4.21,4.55,4.66,,3.9287364,4.0531364,4.2031456,4.492126,4.570776
381,,,,,,,3.932834641,4.058114641,4.207476064,4.497131815,4.57508044
382,,,,,,,3.936934244,4.063094244,4.211806976,4.50213846,4.57939296
383,,,,,,,3.941035209,4.068075209,4.216138336,4.507145935,4.58371356
384,,,,,,,3.945137536,4.073057536,4.220470144,4.51215424,4.58804224
385,,,,,,,3.949241225,4.078041225,4.2248024,4.517163375,4.592379
386,,,,,,,3.953346276,4.083026276,4.229135104,4.52217334,4.59672384
387,,,,,,,3.957452689,4.088012689,4.233468256,4.527184135,4.60107676
388,,,,,,,3.961560464,4.093000464,4.237801856,4.53219576,4.60543776
389,,,,,,,3.965669601,4.097989601,4.242135904,4.537208215,4.60980684
390,,,,,,,3.9697801,4.1029801,4.2464704,4.5422215,4.614184
391,,,,,,,3.973891961,4.107971961,4.250805344,4.547235615,4.61856924
392,,,,,,,3.978005184,4.112965184,4.255140736,4.55225056,4.62296256
393,,,,,,,3.982119769,4.117959769,4.259476576,4.557266335,4.62736396
394,,,,,,,3.986235716,4.122955716,4.263812864,4.56228294,4.63177344
395,,,,,,,3.990353025,4.127953025,4.2681496,4.567300375,4.636191
396,,,,,,,3.994471696,4.132951696,4.272486784,4.57231864,4.64061664
397,,,,,,,3.998591729,4.137951729,4.276824416,4.577337735,4.64505036
398,,,,,,,4.002713124,4.142953124,4.281162496,4.58235766,4.64949216
399,,,,,,,4.006835881,4.147955881,4.285501024,4.587378415,4.65394204
400,3.99,4.11,4.3,4.69,4.75,,4.01096,4.15296,4.28984,4.5924,4.6584
401,,,,,,,4.015085481,4.157965481,4.294179424,4.597422415,4.66286604
402,,,,,,,4.019212324,4.162972324,4.298519296,4.60244566,4.66734016
403,,,,,,,4.023340529,4.167980529,4.302859616,4.607469735,4.67182236
404,,,,,,,4.027470096,4.172990096,4.307200384,4.61249464,4.67631264
405,,,,,,,4.031601025,4.178001025,4.3115416,4.617520375,4.680811
406,,,,,,,4.035733316,4.183013316,4.315883264,4.62254694,4.68531744
407,,,,,,,4.039866969,4.188026969,4.320225376,4.627574335,4.68983196
408,,,,,,,4.044001984,4.193041984,4.324567936,4.63260256,4.69435456
409,,,,,,,4.048138361,4.198058361,4.328910944,4.637631615,4.69888524
410,,,,,,,4.0522761,4.2030761,4.3332544,4.6426615,4.703424
411,,,,,,,4.056415201,4.208095201,4.337598304,4.647692215,4.70797084
412,,,,,,,4.060555664,4.213115664,4.341942656,4.65272376,4.71252576
413,,,,,,,4.064697489,4.218137489,4.346287456,4.657756135,4.71708876
414,,,,,,,4.068840676,4.223160676,4.350632704,4.66278934,4.72165984
415,,,,,,,4.072985225,4.228185225,4.3549784,4.667823375,4.726239
416,,,,,,,4.077131136,4.233211136,4.359324544,4.67285824,4.73082624
417,,,,,,,4.081278409,4.238238409,4.363671136,4.677893935,4.73542156
418,,,,,,,4.085427044,4.243267044,4.368018176,4.68293046,4.74002496
419,,,,,,,4.089577041,4.248297041,4.372365664,4.687967815,4.74463644
420,4.02,4.15,4.34,4.73,4.79,,4.0937284,4.1533284,4.3767136,4.693006,4.749256
421,,,,,,,4.097881121,4.158361121,4.381061984,4.698045015,4.75388364
422,,,,,,,4.102035204,4.163395204,4.385410816,4.70308486,4.75851936
423,,,,,,,4.106190649,4.168430649,4.389760096,4.708125535,4.76316316
424,,,,,,,4.110347456,4.173467456,4.394109824,4.71316704,4.76781504
425,,,,,,,4.114505625,4.178505625,4.39846,4.718209375,4.772475
426,,,,,,,4.118665156,4.183545156,4.402810624,4.72325254,4.77714304
427,,,,,,,4.122826049,4.188586049,4.407161696,4.728296535,4.78181916
428,,,,,,,4.126988304,4.193628304,4.411513216,4.73334136,4.78650336
429,,,,,,,4.131151921,4.198671921,4.415865184,4.738387015,4.79119564
430,,,,,,,4.1353169,4.2037169,4.4202176,4.7434335,4.795896
431,,,,,,,4.139483241,4.208763241,4.424570464,4.748480815,4.80060444
432,,,,,,,4.143650944,4.213810944,4.428923776,4.75352896,4.80532096
433,,,,,,,4.147820009,4.218860009,4.433277536,4.758577935,4.81004556
434,,,,,,,4.151990436,4.223910436,4.437631744,4.76362774,4.81477824
435,,,,,,,4.156162225,4.228962225,4.4419864,4.768678375,4.819519
436,,,,,,,4.160335376,4.234015376,4.446341504,4.77372984,4.82426784
437,,,,,,,4.164509889,4.239069889,4.450697056,4.778782135,4.82902476
438,,,,,,,4.168685764,4.244125764,4.455053056,4.78383526,4.83378976
439,,,,,,,4.172863001,4.249183001,4.459409504,4.788889215,4.83856284
440,4.08,4.2,4.39,4.78,4.84,,4.1770416,4.2542416,4.4637664,4.793944,4.843344
441,,,,,,,4.181221561,4.259301561,4.468123744,4.798999615,4.84813324
442,,,,,,,4.185402884,4.264362884,4.472481536,4.80405606,4.85293056
443,,,,,,,4.189585569,4.269425569,4.476839776,4.809113335,4.85773596
444,,,,,,,4.193769616,4.274489616,4.481198464,4.81417144,4.86254944
445,,,,,,,4.197955025,4.279555025,4.4855576,4.819230375,4.867371
446,,,,,,,4.202141796,4.284621796,4.489917184,4.82429014,4.87220064
447,,,,,,,4.206329929,4.289689929,4.494277216,4.829350735,4.87703836
448,,,,,,,4.210519424,4.294759424,4.498637696,4.83441216,4.88188416
449,,,,,,,4.214710281,4.299830281,4.502998624,4.839474415,4.88673804
450,,,,,,,4.2189025,4.3049025,4.50736,4.8445375,4.8916
451,,,,,,,4.223096081,4.309976081,4.511721824,4.849601415,4.89647004
452,,,,,,,4.227291024,4.315051024,4.516084096,4.85466616,4.90134816
453,,,,,,,4.231487329,4.320127329,4.520446816,4.859731735,4.90623436
454,,,,,,,4.235684996,4.325204996,4.524809984,4.86479814,4.91112864
455,,,,,,,4.239884025,4.330284025,4.5291736,4.869865375,4.916031
456,,,,,,,4.244084416,4.335364416,4.533537664,4.87493344,4.92094144
457,,,,,,,4.248286169,4.340446169,4.537902176,4.880002335,4.92585996
458,,,,,,,4.252489284,4.345529284,4.542267136,4.88507206,4.93078656
459,,,,,,,4.256693761,4.350613761,4.546632544,4.890142615,4.93572124
460,4.17,4.29,4.48,4.87,4.93,,4.2608996,4.3556996,4.5509984,4.895214,4.940664
461,,,,,,,4.265106801,4.360786801,4.555364704,4.900286215,4.94561484
462,,,,,,,4.269315364,4.365875364,4.559731456,4.90535926,4.95057376
463,,,,,,,4.273525289,4.370965289,4.564098656,4.910433135,4.95554076
464,,,,,,,4.277736576,4.376056576,4.568466304,4.91550784,4.96051584
465,,,,,,,4.281949225,4.381149225,4.5728344,4.920583375,4.965499
466,,,,,,,4.286163236,4.386243236,4.577202944,4.92565974,4.97049024
467,,,,,,,4.290378609,4.391338609,4.581571936,4.930736935,4.97548956
468,,,,,,,4.294595344,4.396435344,4.585941376,4.93581496,4.98049696
469,,,,,,,4.298813441,4.401533441,4.590311264,4.940893815,4.98551244
470,,,,,,,4.3030329,4.4066329,4.5946816,4.9459735,4.990536
471,,,,,,,4.307253721,4.411733721,4.599052384,4.951054015,4.99556764
472,,,,,,,4.311475904,4.416835904,4.603423616,4.95613536,5.00060736
473,,,,,,,4.315699449,4.421939449,4.607795296,4.961217535,5.00565516
474,,,,,,,4.319924356,4.427044356,4.612167424,4.96630054,5.01071104
475,,,,,,,4.324150625,4.432150625,4.61654,4.971384375,5.015775
476,,,,,,,4.328378256,4.437258256,4.620913024,4.97646904,5.02084704
477,,,,,,,4.332607249,4.442367249,4.625286496,4.981554535,5.02592716
478,,,,,,,4.336837604,4.447477604,4.629660416,4.98664086,5.03101536
479,,,,,,,4.341069321,4.452589321,4.634034784,4.991728015,5.03611164
480,4.28,4.4,4.59,4.98,5.04,,4.3453024,4.4577024,4.6384096,4.996816,5.041216
481,,,,,,,4.349536841,4.462816841,4.642784864,5.001904815,5.04632844
482,,,,,,,4.353772644,4.467932644,4.647160576,5.00699446,5.05144896
483,,,,,,,4.358009809,4.473049809,4.651536736,5.012084935,5.05657756
484,,,,,,,4.362248336,4.478168336,4.655913344,5.01717624,5.06171424
485,,,,,,,4.366488225,4.483288225,4.6602904,5.022268375,5.066859
486,,,,,,,4.370729476,4.488409476,4.664667904,5.02736134,5.07201184
487,,,,,,,4.374972089,4.493532089,4.669045856,5.032455135,5.07717276
488,,,,,,,4.379216064,4.498656064,4.673424256,5.03754976,5.08234176
489,,,,,,,4.383461401,4.503781401,4.677803104,5.042645215,5.08751884
490,,,,,,,4.3877081,4.5089081,4.6821824,5.0477415,5.092704
491,,,,,,,4.391956161,4.514036161,4.686562144,5.052838615,5.09789724
492,,,,,,,4.396205584,4.519165584,4.690942336,5.05793656,5.10309856
493,,,,,,,4.400456369,4.524296369,4.695322976,5.063035335,5.10830796
494,,,,,,,4.404708516,4.529428516,4.699704064,5.06813494,5.11352544
495,,,,,,,4.408962025,4.534562025,4.7040856,5.073235375,5.118751
496,,,,,,,4.413216896,4.539696896,4.708467584,5.07833664,5.12398464
497,,,,,,,4.417473129,4.544833129,4.712850016,5.083438735,5.12922636
498,,,,,,,4.421730724,4.549970724,4.717232896,5.08854166,5.13447616
499,,,,,,,4.425989681,4.555109681,4.721616224,5.093645415,5.13973404
500,4.41,4.53,4.72,5.11,5.17,,4.43025,4.56025,4.726,5.09875,5.145
501,,,,,,,4.434511681,4.565391681,4.730384224,5.103855415,5.15027404
502,,,,,,,4.438774724,4.570534724,4.734768896,5.10896166,5.15555616
503,,,,,,,4.443039129,4.575679129,4.739154016,5.114068735,5.16084636
504,,,,,,,4.447304896,4.580824896,4.743539584,5.11917664,5.16614464
505,,,,,,,4.451572025,4.585972025,4.7479256,5.124285375,5.171451
506,,,,,,,4.455840516,4.591120516,4.752312064,5.12939494,5.17676544
507,,,,,,,4.460110369,4.596270369,4.756698976,5.134505335,5.18208796
508,,,,,,,4.464381584,4.601421584,4.761086336,5.13961656,5.18741856
509,,,,,,,4.468654161,4.606574161,4.765474144,5.144728615,5.19275724
510,,,,,,,4.4729281,4.6117281,4.7698624,5.1498415,5.198104
511,,,,,,,4.477203401,4.616883401,4.774251104,5.154955215,5.20345884
512,,,,,,,4.481480064,4.622040064,4.778640256,5.16006976,5.20882176
513,,,,,,,4.485758089,4.627198089,4.783029856,5.165185135,5.21419276
514,,,,,,,4.490037476,4.632357476,4.787419904,5.17030134,5.21957184
515,,,,,,,4.494318225,4.637518225,4.7918104,5.175418375,5.224959
516,,,,,,,4.498600336,4.642680336,4.796201344,5.18053624,5.23035424
517,,,,,,,4.502883809,4.647843809,4.800592736,5.185654935,5.23575756
518,,,,,,,4.507168644,4.653008644,4.804984576,5.19077446,5.24116896
519,,,,,,,4.511454841,4.658174841,4.809376864,5.195894815,5.24658844
520,4.54,4.66,4.85,5.24,5.3,,4.5157424,4.6633424,4.8137696,5.201016,5.252016
521,,,,,,,4.520031321,4.668511321,4.818162784,5.206138015,5.25745164
522,,,,,,,4.524321604,4.673681604,4.822556416,5.21126086,5.26289536
523,,,,,,,4.528613249,4.678853249,4.826950496,5.216384535,5.26834716
524,,,,,,,4.532906256,4.684026256,4.831345024,5.22150904,5.27380704
525,,,,,,,4.537200625,4.689200625,4.83574,5.226634375,5.279275
526,,,,,,,4.541496356,4.694376356,4.840135424,5.23176054,5.28475104
527,,,,,,,4.545793449,4.699553449,4.844531296,5.236887535,5.29023516
528,,,,,,,4.550091904,4.704731904,4.848927616,5.24201536,5.29572736
529,,,,,,,4.554391721,4.709911721,4.853324384,5.247144015,5.30122764
530,,,,,,,4.5586929,4.7150929,4.8577216,5.2522735,5.306736
531,,,,,,,4.562995441,4.720275441,4.862119264,5.257403815,5.31225244
532,,,,,,,4.567299344,4.725459344,4.866517376,5.26253496,5.31777696
533,,,,,,,4.571604609,4.730644609,4.870915936,5.267666935,5.32330956
534,,,,,,,4.575911236,4.735831236,4.875314944,5.27279974,5.32885024
535,,,,,,,4.580219225,4.741019225,4.8797144,5.277933375,5.334399
536,,,,,,,4.584528576,4.746208576,4.884114304,5.28306784,5.33995584
537,,,,,,,4.588839289,4.751399289,4.888514656,5.288203135,5.34552076
538,,,,,,,4.593151364,4.756591364,4.892915456,5.29333926,5.35109376
539,,,,,,,4.597464801,4.761784801,4.897316704,5.298476215,5.35667484
540,4.65,4.78,4.97,5.36,5.42,,4.6017796,4.7669796,4.9017184,5.303614,5.362264
541,,,,,,,4.606095761,4.772175761,4.906120544,5.308752615,5.36786124
542,,,,,,,4.610413284,4.777373284,4.910523136,5.31389206,5.37346656
543,,,,,,,4.614732169,4.782572169,4.914926176,5.319032335,5.37907996
544,,,,,,,4.619052416,4.787772416,4.919329664,5.32417344,5.38470144
545,,,,,,,4.623374025,4.792974025,4.9237336,5.329315375,5.390331
546,,,,,,,4.627696996,4.798176996,4.928137984,5.33445814,5.39596864
547,,,,,,,4.632021329,4.803381329,4.932542816,5.339601735,5.40161436
548,,,,,,,4.636347024,4.808587024,4.936948096,5.34474616,5.40726816
549,,,,,,,4.640674081,4.813794081,4.941353824,5.349891415,5.41293004
550,,,,,,,4.6450025,4.8190025,4.94576,5.3550375,5.4186
551,,,,,,,4.649332281,4.824212281,4.950166624,5.360184415,5.42427804
552,,,,,,,4.653663424,4.829423424,4.954573696,5.36533216,5.42996416
553,,,,,,,4.657995929,4.834635929,4.958981216,5.370480735,5.43565836
554,,,,,,,4.662329796,4.839849796,4.963389184,5.37563014,5.44136064
555,,,,,,,4.666665025,4.845065025,4.9677976,5.380780375,5.447071
556,,,,,,,4.671001616,4.850281616,4.972206464,5.38593144,5.45278944
557,,,,,,,4.675339569,4.855499569,4.976615776,5.391083335,5.45851596
558,,,,,,,4.679678884,4.860718884,4.981025536,5.39623606,5.46425056
559,,,,,,,4.684019561,4.865939561,4.985435744,5.401389615,5.46999324
560,4.74,4.86,5.05,5.44,5.5,,4.6883616,4.8711616,4.9898464,5.406544,5.475744
561,,,,,,,4.692705001,4.876385001,4.994257504,5.411699215,5.48150284
562,,,,,,,4.697049764,4.881609764,4.998669056,5.41685526,5.48726976
563,,,,,,,4.701395889,4.886835889,5.003081056,5.422012135,5.49304476
564,,,,,,,4.705743376,4.892063376,5.007493504,5.42716984,5.49882784
565,,,,,,,4.710092225,4.897292225,5.0119064,5.432328375,5.504619
566,,,,,,,4.714442436,4.902522436,5.016319744,5.43748774,5.51041824
567,,,,,,,4.718794009,4.907754009,5.020733536,5.442647935,5.51622556
568,,,,,,,4.723146944,4.912986944,5.025147776,5.44780896,5.52204096
569,,,,,,,4.727501241,4.918221241,5.029562464,5.452970815,5.52786444
570,,,,,,,4.7318569,4.9234569,5.0339776,5.4581335,5.533696
571,,,,,,,4.736213921,4.928693921,5.038393184,5.463297015,5.53953564
572,,,,,,,4.740572304,4.933932304,5.042809216,5.46846136,5.54538336
573,,,,,,,4.744932049,4.939172049,5.047225696,5.473626535,5.55123916
574,,,,,,,4.749293156,4.944413156,5.051642624,5.47879254,5.55710304
575,,,,,,,4.753655625,4.949655625,5.05606,5.483959375,5.562975
576,,,,,,,4.758019456,4.954899456,5.060477824,5.48912704,5.56885504
577,,,,,,,4.762384649,4.960144649,5.064896096,5.494295535,5.57474316
578,,,,,,,4.766751204,4.965391204,5.069314816,5.49946486,5.58063936
579,,,,,,,4.771119121,4.970639121,5.073733984,5.504635015,5.58654364
580,4.79,4.91,5.1,5.49,5.55,,4.7754884,4.9758884,5.0781536,5.509806,5.592456
581,,,,,,,4.779859041,4.981139041,5.082573664,5.514977815,5.59837644
582,,,,,,,4.784231044,4.986391044,5.086994176,5.52015046,5.60430496
583,,,,,,,4.788604409,4.991644409,5.091415136,5.525323935,5.61024156
584,,,,,,,4.792979136,4.996899136,5.095836544,5.53049824,5.61618624
585,,,,,,,4.797355225,5.002155225,5.1002584,5.535673375,5.622139
586,,,,,,,4.801732676,5.007412676,5.104680704,5.54084934,5.62809984
587,,,,,,,4.806111489,5.012671489,5.109103456,5.546026135,5.63406876
588,,,,,,,4.810491664,5.017931664,5.113526656,5.55120376,5.64004576
589,,,,,,,4.814873201,5.023193201,5.117950304,5.556382215,5.64603084
590,,,,,,,4.8192561,5.0284561,5.1223744,5.5615615,5.652024
591,,,,,,,4.823640361,5.033720361,5.126798944,5.566741615,5.65802524
592,,,,,,,4.828025984,5.038985984,5.131223936,5.57192256,5.66403456
593,,,,,,,4.832412969,5.044252969,5.135649376,5.577104335,5.67005196
594,,,,,,,4.836801316,5.049521316,5.140075264,5.58228694,5.67607744
595,,,,,,,4.841191025,5.054791025,5.1445016,5.587470375,5.682111
596,,,,,,,4.845582096,5.060062096,5.148928384,5.59265464,5.68815264
597,,,,,,,4.849974529,5.065334529,5.153355616,5.597839735,5.69420236
598,,,,,,,4.854368324,5.070608324,5.157783296,5.60302566,5.70026016
599,,,,,,,4.858763481,5.075883481,5.162211424,5.608212415,5.70632604
600,4.82,4.94,5.13,5.52,5.58,,4.86316,5.08116,5.16664,5.6134,5.7124